,Team,xG,xGA,xG Differential
1,Manchester City,10.99,2.65,8.33
2,Tottenham Hotspur,10.53,4.53,5.99
3,Arsenal,8.35,3.24,5.11
4,Liverpool,8.59,4.70,3.89
5,Brighton & Hove Albion,10.03,6.52,3.51
6,West Ham United,8.59,5.21,3.38
7,Brentford,7.84,5.04,2.80
8,Crystal Palace,5.27,2.78,2.49
9,Newcastle United,7.09,5.90,1.19
10,Chelsea,5.97,4.88,1.09
11,Aston Villa,8.49,8.52,-0.02
12,Nottingham Forest,5.39,6.66,-1.27
13,Everton,5.47,7.06,-1.59
14,Manchester United,5.36,7.50,-2.14
15,Wolverhampton,4.02,6.66,-2.64
16,Bournemouth,5.02,8.62,-3.61
17,Sheffield United,3.44,8.43,-4.99
18,Luton Town,2.06,8.16,-6.11
19,Fulham,3.93,11.59,-7.66
20,Burnley,2.46,10.23,-7.77
