,Team,xG,xGA,xG Differential,xP
1,Manchester City,10.99,2.65,8.33,10.8
2,Tottenham Hotspur,10.53,4.53,5.99,9.79
3,Arsenal,8.35,3.24,5.11,9.69
4,West Ham United,8.59,5.21,3.38,7.87
5,Liverpool,8.59,4.7,3.89,7.73
6,Brighton & Hove Albion,10.03,6.52,3.51,7.7
7,Crystal Palace,5.27,2.78,2.49,7.25
8,Brentford,7.84,5.04,2.8,6.49
9,Chelsea,5.97,4.88,1.09,6.05
10,Aston Villa,8.49,8.52,-0.02,5.98
11,Newcastle United,7.09,5.9,1.19,5.61
12,Everton,5.47,7.06,-1.59,4.71
13,Nottingham Forest,5.39,6.66,-1.27,4.48
14,Manchester United,5.36,7.5,-2.14,4.09
15,Wolverhampton,4.02,6.66,-2.64,3.68
16,Bournemouth,5.02,8.62,-3.61,3.25
17,Fulham,3.93,11.59,-7.66,1.66
18,Sheffield United,3.44,8.43,-4.99,1.62
19,Luton Town,2.06,8.16,-6.11,0.91
20,Burnley,2.46,10.23,-7.77,0.3
